jugador,categoria,precio,url_precio,fecha_consulta,que_mide,llega_a_la_venta,criterio_o_visualizacion,gap_vs_IC,confianza_precio
AgencyAnalytics,Reporting para agencias,USD 20/cliente/mes (Core; -20% anual),https://agencyanalytics.com/pricing,2026-10-03,"Métricas de 85+ integraciones de medios, SEO y analítica",No,Visualización + insights/alertas de IA sobre medios,"No ve WhatsApp ni CRM conversacional; su insight es de medios, no comercial",alto (visto)
DashThis,Reporting para agencias,"USD 44 (3 dashboards) / 139 (10) / 279 (25) / 429 (50) por mes, anual",https://dashthis.com/pricing/,2026-10-03,Dashboards de medios,No,Solo visualización,"Sin WhatsApp, sin venta, sin criterio",alto (visto)
Whatagraph,Reporting para agencias,Desde EUR 699/mes anual (Max); Prime custom,https://whatagraph.com/pricing,2026-10-03,Medios y data warehouse,No,Visualización + resúmenes IA,Caro para pymes de la región; sin WhatsApp ni venta,alto (visto)
Swydo,Reporting para agencias,"USD/EUR 69/mes mensual o 62 anual (10 fuentes; +4,50 por fuente)",https://www.swydo.com/pricing/,2026-10-03,Medios (38+ integraciones),No,Visualización + AI reporting,Sin WhatsApp ni venta,alto (visto)
Reportei (BR),Reporting para agencias,"R$74,90 / 109,90 / 199,90 por mes (~USD 14 / 20 / 37; TC 5,4 supuesto)",https://reportei.com/planos-e-precos,2026-10-03,"20+ integraciones (Meta, GA, HubSpot, Pipedrive)",No (trae CRM pero no la conversación),Visualización,Ancla de precio muy baja en LATAM; sin WhatsApp,"alto (visto, BRL)"
mLabs (BR),Gestión de redes + reportes,"Desde R$29,90/mes por marca (~USD 5,5), según blog mLabs",https://www.mlabs.com.br/planos,2026-10-03,Posts y reportes orgánicos y de ads,No,Visualización,Herramienta de community management,medio (fuente 3ra)
Looker Studio,BI gratuito,"Gratis (Pro ~USD 9/usuario/mes, snippet)",https://cloud.google.com/looker-studio,2026-10-03,Lo que se le conecte,Solo si se arma a mano el cruce con el CRM,Visualización,Sustituto hazlo-tú-mismo; requiere construir la lógica ad ID-conversación-venta,alto (gratis) / medio (Pro)
Supermetrics,Conector de datos,USD 55 mensual / 44 anual (Starter); 222/177 (Growth),https://supermetrics.com/pricing,2026-10-03,Extrae datos de medios a Looker/Sheets/BI,No,Ninguno (tubería de datos),"Insumo, no competidor directo",alto (visto)
Porter Metrics (CO),Conector de datos,"USD 15 (1 conexión) / 39,99 (2-5) / 99,99 (13-20) / 180 (21-40)",https://help.portermetrics.com/en/articles/169-how-porter-metrics-pricing-model-works,2026-10-03,Medios a Looker/Sheets,No,Ninguno,Insumo,medio (fuente 3ra / ayuda)
Windsor.ai,Conector de datos,"USD 23/19 (Basic) a 598/499 (Professional), mensual/anual",https://windsor.ai/pricing/,2026-10-03,Medios a destino,No,Ninguno (MCP para análisis con IA),Insumo,alto (visto)
Coupler.io,Conector de datos,USD 32/24 (Starter) a 259/199 (Pro),https://www.coupler.io/pricing,2026-10-03,400+ fuentes a Sheets/BI,No,Ninguno,Insumo,alto (visto)
Kommo,CRM de WhatsApp,USD 25 / 35 / 45 por usuario/mes (mín. 6 meses) en página de precios; blog oficial anuncia 20 / 30 para nuevos desde 2026-09-01,https://www.kommo.com/pricing/,2026-10-03,Guarda UTM y metadata del anuncio CTWA en la ficha del lead; integración CAPI,"Parcial: cruza anuncio con etapa y venta, pero filtrando a mano",Visualización y filtros,Sin ROAS por ad ID ni criterio de qué anuncio trae calidad y por qué. Sustituto más cercano en AR,alto (visto; dos precios publicados distintos)
HubSpot,CRM + marketing,Marketing Hub Starter USD 7-20/asiento; Professional ~USD 800-890/mes (3 asientos) + USD 3.000 onboarding; Sales Pro USD 90-100/asiento,https://www.hubspot.com/pricing/marketing,2026-10-03,Atribución de ads a negocios cerrados (Pro); WhatsApp vía inbox o integraciones (ej. Wati),Sí en Pro,"Reportes de atribución, sin criterio sobre la conversación",Prohibitivo para pymes de la región; captura nativa del ad ID CTWA no verificada,alto (visto)
Pipedrive,CRM,USD 14-69/asiento anual; 19-89 mensual,https://www.pipedrive.com/en/pricing,2026-10-03,Embudo de ventas,No para ad ID CTWA (sin evidencia),Visualización,Sin capa anuncio-conversación,medio (fuente 3ra; página 403)
Zoho CRM,CRM,USD 14 / 23 / 40 / 52 por usuario/mes anual,https://www.zoho.com/crm/zohocrm-pricing.html,2026-10-03,Embudo + IA Zia,No evidenciado,Predicciones genéricas,Sin cruce con anuncios CTWA,medio (fuente 3ra)
Clientify,CRM marketing y ventas,USD/EUR 39/mes anual o 65 mensual,https://clientify.com/precios,2026-10-03,"CRM, WhatsApp multiusuario, landings",Parcial (sin evidencia de ad ID),Visualización,Sin atribución por anuncio ni criterio,alto (visto)
RD Station CRM (BR),CRM,"R$73 / 131 por usuario/mes (~USD 13,5 / 24); Pro mín. 4 usuarios",https://www.rdstation.com/planos/crm/,2026-10-03,CRM + extensión WhatsApp Web + tareas sugeridas por IA,"Parcial (venta sí, ad ID no evidenciado)","Sugerencias de tareas, no de anuncios",Sin cruce de anuncio,"alto (visto, BRL)"
Bitrix24,Suite CRM,"USD 69/49 (Basic, 5 usuarios) a 289/199 (Professional), mensual/anual por organización",https://www.bitrix24.com/prices/,2026-10-03,"CRM, canal abierto",No evidenciado,Visualización,Sin cruce de anuncio,alto (visto)
Gong,Revenue intelligence,No público; mediana USD 55.346/año (Vendr),https://www.vendr.com/marketplace/gong,2026-10-03,"Llamadas, email, deals",Sí (pipeline),"Sí (coaching, forecast)",Sin WhatsApp ni anuncio Meta; enterprise EE.UU.,bajo-medio (estimación 3ra)
Clari,Revenue intelligence,"No público; mediana USD 76.000/año (rango 19.065-415.001, Vendr)",https://www.vendr.com/marketplace/clari,2026-10-03,"Forecast, pipeline",Sí,Sí,Ídem Gong,bajo-medio (estimación 3ra)
Salesloft,Revenue/conversation intelligence,No público; mediana USD 30.740/año (Vendr),https://www.vendr.com/marketplace/salesloft,2026-10-03,"Cadencias, conversaciones",Sí,Sí,Ídem Gong,bajo
Chorus (ZoomInfo),Conversation intelligence,No público; sin dato propio (ZoomInfo mediana USD 33.500/año),https://www.vendr.com/marketplace/zoominfo,2026-10-03,Llamadas,Sí,Sí,Ídem Gong,bajo
Tintim (BR),Atribución de ventas por WhatsApp,R$197-297/mes (~USD 36-55); descuento para agencias 'desde 65% off',https://chatfuel.com/blog/chatfuel-vs-tintim,2026-10-03,"Lee chats, detecta venta (frase gatillo, kanban o IA con aprobación humana) y la envía a Meta por CAPI",Sí (solo texto),"No: envía señal a Meta, sin recomendación",Competidor más directo en 'llega a la venta' y con canal de agencias; no califica con agente ni recomienda; no visto operando en AR/UY/PY,medio (fuente 3ra interesada)
Respond.io,Inbox WhatsApp con IA,"USD 79 (Starter, sin ads) / 159 (Growth, Meta y TikTok Ads + agentes IA) / 279 (Advanced)",https://respond.io/pricing,2026-10-03,Captura ctwa_clid y envía eventos CAPI de lead/compra por workflow,Sí (si se configura evento de compra),Agente IA para atender; sin criterio sobre anuncios,"Optimiza Meta, no le explica a dueño/agencia qué anuncio vende y por qué",alto (visto)
Wati,WhatsApp API,USD 49/39 (Growth) / 99/79 (Pro) / 249/199 (Business); agente IA add-on,https://www.wati.io/pricing/,2026-10-03,Atribución CTWA en todos los planes; sync con HubSpot,Parcial/sí vía HubSpot,No,Sin criterio comercial,alto (visto)
"Mercately (EC, LATAM)",CRM WhatsApp con IA,USD 299/239 (Scale IA) / 599/479 (Rocket IA) / 999/799 (Atlas IA); setup agente USD 999,https://www.mercately.com/precios,2026-10-03,CRM + agente IA + Performance Hub con Meta CAPI (Rocket y Atlas),Sí (Rocket+),Dashboard de optimización; sin evidencia de recomendación comercial,"Competidor regional más parecido en propuesta; caro (USD 479+ para CAPI); vende directo, no vía agencias",alto (visto)
Leadsales (MX),CRM WhatsApp,USD 97 / 133 / 247 por mes; Lead Agent IA 87 / 297 / 793,https://www.leadsales.io/precios,2026-10-03,"Embudos, agente IA, CTWA",Parcial,Calificación IA sí; recomendación de anuncios no evidenciada,Sin capa de criterio anuncio-venta,alto (visto)
Botmaker (AR),Bots y WhatsApp,USD 149 / 249 / 499 por mes; setup WhatsApp USD 99,https://botmaker.com/es/precios/,2026-10-03,"Bots, agentes IA, conversaciones",No evidenciado,No,Sin cruce anuncio-venta,alto (visto)
B2Chat (CO),Inbox WhatsApp,USD 105/84 (Básico con WhatsApp) / 187 (Premium); IA add-on ~USD 80-86,https://www.b2chat.io/precios/,2026-10-03,Inbox,No,No,Sin atribución,alto (visto)
Whaticket,Inbox WhatsApp,"USD 49 (Básico, mín. 3 usuarios) / 109 (Pro)",https://whaticket.com/precios/,2026-10-03,Inbox,No,No,Sin atribución,alto (visto)
Callbell,Inbox,EUR 15-20 por usuario/mes,https://callbell.eu/en/pricing/,2026-10-03,Inbox,No,No,Sin atribución,alto (visto)
Zenvia (BR),Customer cloud,R$600 / 1.800 / 3.900 por mes (~USD 111 / 333 / 722),https://www.zenvia.com/precos/,2026-10-03,"Omnicanal, bots IA",No evidenciado,No,Sin atribución,"alto (visto, BRL)"
Blip Go! (BR),WhatsApp para pymes,"R$179,90 / 239,90 / 399,90 por mes",https://tiinside.com.br/10/08/2026/claro-empresas-e-blip-lancam-parceria-com-foco-em-pmes-pelo-whatsapp/,2026-10-03,"Atención, CRM kanban, agente IA",No evidenciado,No,Sin atribución,medio (fuente 3ra)
Chatfuel / Metrito / Chatlabs,Envío CAPI desde WhatsApp,Chatfuel USD 99; Metrito ~48; Chatlabs ~86 por mes,https://chatfuel.com/blog/tintim-alternatives,2026-10-03,Eventos CAPI desde WhatsApp,Sí/parcial,No,"Señal para Meta, no criterio",bajo-medio (fuente interesada)
Cometly,Atribución de ads,No público (cotización),https://www.cometly.com/pricing,2026-10-03,Atribución web y CRM,Sí (web),No,No menciona WhatsApp,—
Hyros,Atribución de ads,No público; 'desde USD 69' (tercero),https://costbench.com/software/marketing-attribution/hyros/,2026-10-03,Llamadas y web,Sí,No,Sin WhatsApp,bajo
Triple Whale,Atribución ecommerce,"Desde USD 219/mes (Foundation), 749 (Automate), compromiso 12 meses",https://venon.io/blog/triple-whale-pricing,2026-10-03,Ecommerce Shopify,Sí (ecommerce),IA Moby,No sirve para venta conversacional,medio (fuente 3ra)
Ruler Analytics,Atribución multi-touch,USD 400/360 (Small) a 2.000/1.800 (Advanced),https://www.ruleranalytics.com/pricing/,2026-10-03,"Formularios, llamadas, chat hacia CRM",Sí,No,Sin WhatsApp; caro,alto (visto)
CallRail,Call tracking (análogo en llamadas),USD 50 / 95 / 150 / 195 por mes,https://www.callrail.com/pricing,2026-10-03,"Llamada atribuida a campaña + transcripción, resumen y sentimiento IA",Parcial (etiqueta conversiones),Insights de conversación con IA,Modelo de IC aplicado a llamadas en EE.UU.; referencia de precio por negocio,alto (visto)
Cliengo / Treble.ai / Hyperflow / Sirena,WhatsApp / chatbots LATAM,"sin dato (404, protegido o no encontrado)",—,2026-10-03,—,sin dato,sin dato,No evaluable,—
