id,dato,valor,unidad,fuente,url,fecha,alcance,confianza
F01,AR: empresas empleadoras en Servicios de publicidad (CIIU 7430),2148 (2024); 2196 (2023); 2110 (2022),empresas,OEDE / Ministerio de Trabajo (SIPA),https://www.argentina.gob.ar/sites/default/files/nacional_serie_empresas_2.xlsx,serie 1996-2024; consultado 2026-10-03,"Empresas con >=1 asalariado registrado. Incluye agencias tradicionales, de medios y digitales sin separarlas. Excluye monotributistas sin empleados",alto
F02,AR: distribución por tamaño de firmas de publicidad (CLAE 731001+731009),1-9 empleados: 1650 (83%); 10-49: 271 (14%); 50-199: 57; 200+: 7 (total 1985 CUIT),CUIT,"CEP XXI / Ministerio de Economía (SIPA), cálculo propio sobre CSV",https://cdn.produccion.gob.ar/cdn-cep/establecimientos-productivos/distribucion_establecimientos_productivos_sexo.csv,datos 2022; recurso 2023-12-06,Mismo universo que F01; tramo de empleo por establecimiento (tamaño de empresa queda como mínimo),medio-alto
F03,AR: establecimientos de publicidad por provincia,2394 total; CABA 1380; PBA 383; Córdoba 151; Santa Fe 118; Mendoza 99,establecimientos,CEP XXI / Ministerio de Economía,https://cdn.produccion.gob.ar/cdn-cep/establecimientos-productivos/distribucion_establecimientos_productivos_sexo.csv,2022,Establecimientos (no empresas) de empleadoras,alto
F04,AR: empresas Advertising Services,6062,empresas,Coresignal,https://coresignal.com/discover/advertising-services/argentina/,abr-2025,Datos web públicos con taxonomía tipo LinkedIn; incluye firmas sin empleados,medio-bajo
F05,UY: empresas Advertising Services,737,empresas,Coresignal,https://coresignal.com/discover/advertising-services/uruguay/,2025-03-25,Ídem F04,medio-bajo
F06,PY: empresas Advertising Services,328,empresas,Coresignal,https://coresignal.com/discover/advertising-services/paraguay/,2025-03-28,Ídem F04,medio-bajo
F07,AR: marketing agencies por tamaño,4141 (1-10 emp: 3173; 11-50: 847; 51-200: 85; 201-500: 16; 501+: 14),empresas,RevenueBase,https://revenuebase.ai/companies/marketing-agencies/argentina,refrescado 2026-09-05,"Clasificación por descripción pública (LinkedIn/web); incluye PR, contenido, creatividad",medio-bajo
F08,"UY: perfiles NAICS 5418 Advertising, PR & Related",535 (Montevideo 271),empresas,Dun & Bradstreet (solo snippet de búsqueda),https://www.dnb.com/business-directory/company-information.advertising_public_relations_and_related_services.uy.html,2026 (snippet),Incluye relaciones públicas; página no abierta,bajo
F09,"PY: perfiles NAICS 5418 Advertising, PR & Related",943,empresas,Dun & Bradstreet (solo snippet de búsqueda),https://www.dnb.com/business-directory/company-information.advertising_public_relations_and_related_services.py.html,2026 (snippet),Incluye relaciones públicas; página no abierta,bajo
F10,AR: agencias en directorio agencias.marketing,9280,perfiles,agencias.marketing,https://agencias.marketing/directorio/argentina,2026,Sin metodología; incluye freelancers de 1-2 personas,bajo
F11,AR: agencias Digital Marketing en Clutch,>=50 (primera página; 2-9 emp: 11; 10-49: 23; 50-249: 13),agencias,Clutch,https://clutch.co/ar/agencies/digital-marketing,2026-10-03,Directorio curado de agencias visibles; total no mostrado (mínimo),bajo (como total)
F12,UY: agencias Digital Marketing en Clutch,~40-43 (primera página),agencias,Clutch,https://clutch.co/uy/agencies/digital-marketing,2026-10-03,Ídem F11,bajo
F13,PY: agencias Digital Marketing en Clutch,35-38 (~2/3 de 2-9 empleados),agencias,Clutch,https://clutch.co/py/agencies/digital-marketing,2026-10-03,Ídem F11; probablemente cercano al total visible del país,medio-bajo
F14,AR / UY: agencias Digital Marketing en GoodFirms,AR 89; UY 15,agencias,GoodFirms (snippet; sitio devuelve 403),https://www.goodfirms.co/directory/country/top-digital-marketing-companies/ar,ago/sep-2026,Directorio curado,medio-bajo
F15,AR: agencias Digital Marketing en DesignRush,102,agencias,DesignRush (snippet),https://www.designrush.com/agency/digital-marketing/ar?page=2,2026-04-01,Directorio curado,medio-bajo
F16,"PY: empresas activas sección M (actividades profesionales, científicas y técnicas)",66791,empresas con RUC,"INE Paraguay, DIRGE 2025",https://www.ine.gov.py/Publicaciones/Biblioteca/documento/311/DIRGE%20Presentacion.pdf,ref. 2024,"Sección entera (abogados, contadores, etc.); NO mide agencias; solo techo de contexto",alto (dato) / no aplicable
F17,UY: socios AUDAP,30 agencias,agencias,Revista Mercado,https://mercado.com.ar/marketing/diferentes-paises-mismos-problemas,2017-09-08,Agencias de publicidad asociadas (dato viejo),bajo
F18,PY: socios APAP,36,socios,Revista Mercado,https://mercado.com.ar/marketing/diferentes-paises-mismos-problemas,2017-09-08,Socios de la asociación (dato viejo),bajo
F19,AR: agencias socias CAAM,15 principales agencias de medios,agencias,Infobae,https://www.infobae.com/economia/networking/2024/09/13/la-camara-argentina-de-agencias-de-medios-renovo-su-imagen/,2024-09-13,Solo grandes agencias de medios,medio
F20,Global: clientes simultáneos por agencia,"Más de la mitad trabaja con 10-30 clientes; 17,8% con 31-50; <10% con hasta 10",% de agencias,Databox / ZenPilot (n=241),https://databox.com/state-of-agency-client-collaboration,act. 2024-02-24,"Global, sin desagregar por país",medio
F21,Global: clientes de micro-agencias (<=10 empleados),hasta 20 en retainer y hasta 10 por proyecto,clientes,Databox (n=45; 14 micro),https://databox.com/?p=155379,2025-07-10,"Global, muestra chica",bajo
F22,Global: clientes por account manager,~70% de agencias: <10 clientes por AM,% de agencias,Databox (n=48),https://databox.com/how-many-accounts,2025-07-02,"Global, muestra chica",bajo
F23,AR: inversión publicitaria total en medios 2025,1.696.545,millones ARS nominales,CAAM,https://www.totalmedios.com/nota/63261/caam-cuanto-crecio-la-inversion-publicitaria-en-la-argentina-durante-2025,2026-03-13,Proyección de mercado de medios desde agencias socias (~58% del mercado); sin producción,alto
F24,AR: inversión digital 2025,"790.290 (46,6% del total)",millones ARS nominales,CAAM,https://agenciasdemedios.com.ar/caam-informa-la-inversion-publicitaria-en-medios-de-argentina-en-2025/,2026-03-13,"Digital total (social, display, programática, search)",alto
F25,AR: reparto digital 2025,Social 34%; Display 32%; Programática 19%; Search 15%,% de digital,CAAM,https://www.totalmedios.com/nota/63261/caam-cuanto-crecio-la-inversion-publicitaria-en-la-argentina-durante-2025,2026-03-13,Dentro de inversión digital,alto
F26,AR: inversión digital 2025 en USD (derivado),585-690 (social ~200-235),millones USD,Cálculo propio sobre F24-F25,—,2026-10-03,Supuesto TC promedio 2025 1.150-1.350 ARS/USD sin fuente verificada; CAAM no publicó USD 2025,bajo
F27,AR: inversión total y digital 2024,Total 974.085 M ARS (~USD 984 M); digital 423.863 M ARS (~USD 428 M),millones,CAAM,https://www.totalmedios.com/nota/59609/la-caam-presento-el-reporte-de-inversion-publicitaria-en-medios-al-cierre-de-2024,2025-03-27,"TC 989,92 ARS/USD (promedio minorista BCRA 2024 informado por CAAM); USD de digital es cálculo propio con ese TC",alto (ARS) / medio-alto (USD)
F28,AR: inversión digital 2025 según Statista (vía DataReportal),1.880 (total publicidad 3.510),millones USD,byyd.me citando DataReportal/Statista,https://www.byyd.me/en/blog/2026/04/digital-marketing-in-argentina-trends-2026-and-datareportal-statistics/,2026-04-15,Modelo Statista: todo el gasto digital incl. autoservicio pyme y pagos al exterior; año ambiguo,medio-bajo
F29,AR: social media ad spend según Statista (vía DataReportal 2025),~500,millones USD,byyd.me citando DataReportal/Statista,https://www.byyd.me/en/blog/2025/07/argentinas-digital-advertising-key-trends-and-insights-for-2025/,2025-07-23,Modelo Statista,bajo-medio
F30,AR: alcance publicitario Meta,"Facebook 29,3 M; Instagram 31,1 M",personas,DataReportal Digital 2026 Argentina,https://datareportal.com/reports/digital-2026-argentina,2025-11-08,Audiencia publicitaria declarada por plataforma (no usuarios únicos),alto
F31,UY: inversión publicitaria 2024 (proyectada),412 (2023: 355),millones USD corrientes,"AUDAP / cinve, 13° Estudio",https://audap.com.uy/wp-content/uploads/2025/02/Resumen-Ejecutivo-2024.pdf,dic-2024,Inversión a lo largo de la cadena (no solo medios); cinve advierte que el real sería menor,medio
F32,UY: internet en inversión en medios de agencias,40% (2024); redes sociales 46% de digital,%,AUDAP / cinve,https://audap.com.uy/wp-content/uploads/2024/12/4-diciembre-2024.-Presentacion-CINVE-version-final.pdf,dic-2024,Reparto de lo canalizado por agencias,medio
F33,UY: inversión digital 2023,> 210,millones USD,IAB Uruguay + Grupo Radar (vía El Observador),https://www.elobservador.com.uy/nota/record-se-estima-que-la-inversion-publicitaria-digital-en-uruguay-supero-los-us-210-millones-en-el-2023-20241811122,2024-01-08,Encuesta a 27 empresas,medio
F34,UY: reparto de inversión en redes,Meta 82%; LinkedIn 9%; TikTok 4%; X 4%,% de social,IAB Uruguay / Grupo Radar,https://www.elobservador.com.uy/nota/record-se-estima-que-la-inversion-publicitaria-digital-en-uruguay-supero-los-us-210-millones-en-el-2023-20241811122,2024-01-08,Dentro de inversión en redes,medio
F35,UY: inversión digital y social 2024 (derivado),digital ~165; social ~76,millones USD,Cálculo propio sobre F31-F32,—,2026-10-03,Mezcla base 'toda la cadena' con reparto de agencias: solo orden de magnitud,bajo
F36,UY: alcance publicitario Meta,"Instagram 2,50 M; Facebook 2,15 M",personas,DataReportal Digital 2026 Uruguay,https://datareportal.com/reports/digital-2026-uruguay,2025-11-08,Audiencia publicitaria de plataforma,alto
F37,PY: inversión en medios 2025 (proyectada),"147 (digital 22,5% = ~33,1)",millones USD,APAP (vía Infonegocios),https://infonegocios.com.py/nota-principal/publicidad-en-paraguay-la-inversion-superara-los-us-147-millones-este-ano-y-creceria-a-doble-digito-en-2026,2025-12-01,Medios monitoreados (Kantar IBOPE/Audimedia); probablemente subestima autoservicio Meta/Google,medio-alto (total) / medio (digital)
F38,PY: inversión en medios 2024,"135,5 (digital 22,1% = ~29,9)",millones USD,APAP (vía ABC Color),https://www.abc.com.py/negocios/2025/10/03/la-industria-de-los-medios-un-mercado-de-us-135-millones/,2025-10-03,Ídem F37,medio-alto
F39,PY: reparto dentro de online,Redes 61%; programática 18%; Google 11%; sitios locales 9%,% de online,APAP (vía Hoy),https://www.hoy.com.py/comercio-e-industrias/hubo-menos-publicidad-este-ano-rubros-que-mas-pautaron-fueron-telefonia-electronica-y-bancos,2022-12-16,Dato 2022,medio (bajo como proxy 2025)
F40,PY: alcance publicitario Meta,"Facebook 3,80 M; Instagram 2,90 M",personas,DataReportal Digital 2026 Paraguay,https://datareportal.com/reports/digital-2026-paraguay,2025-11-08,Audiencia publicitaria de plataforma,alto
F41,AR: usuarios de WhatsApp sobre internautas,"93,3-93,9",%,Statista con datos DataReportal/Meltwater,https://www.statista.com/statistics/1313074/social-networks-penetration-argentina,2T 2025; publ. 2026-02-25,Internautas 16-64 que usan la plataforma mensualmente; inconsistencia interna gráfico/texto,alto (rango)
F42,UY: usan WhatsApp a diario,94 (99% semanal),% de adultos,Opción Consultores para DavinciBot (vía El Observador),https://www.elobservador.com.uy/ciencia-y-tecnologia/whatsapp-desplazo-al-telefono-como-el-canal-que-prefieren-los-uruguayos-hablar-empresas-n6051805,2026-07-23,"400 adultos, encuesta telefónica",medio
F43,UY: WhatsApp canal preferido para hablar con empresas,42 (75% entre los 2 preferidos),% de adultos,Opción Consultores (vía El Observador),https://www.elobservador.com.uy/ciencia-y-tecnologia/whatsapp-desplazo-al-telefono-como-el-canal-que-prefieren-los-uruguayos-hablar-empresas-n6051805,2026-07-23,Salto desde 4% el año anterior: tomar con cautela,medio
F44,PY: internautas que usan mensajería instantánea,"97,5",% de internautas 10+,INE Paraguay EPH 2024 (vía ABC Color),https://www.abc.com.py/economia/2025/06/20/cuantas-personas-usan-internet-en-paraguay-y-para-que-esta-es-la-respuesta-del-ine/,2025-06-20,"Mensajería en general, no solo WhatsApp",alto (como proxy)
F45,AR: emprendedores que vendieron por WhatsApp,"71,5",% de tiendas,"Tiendanube, NubeCommerce 2026",https://www.tiendanube.com/blog/como-vender-por-whatsapp/,año 2025; act. 2026-07-20,Solo tiendas Tiendanube (sesgo pyme digital),medio
F46,AR: usuarios que compraron un producto por WhatsApp,62,% de usuarios,Infobip Messaging Trends 2026 (vía Revista Mercado),https://mercado.com.ar/tendencias/el-informe-de-infobip-describe-a-whatsapp-como-infraestructura-social-en-argentina,2026-09-04,Base y muestra no informadas,medio
F47,Global: usuarios mensuales de la app WhatsApp Business,> 200,millones,Meta (earnings call 2T 2023) / TechCrunch,https://techcrunch.com/2023/06/27/whatsapp-business-crosses-200m-maus-introduces-personlized-messages-feature/,2023-06-27,"App gratuita, global; último dato oficial",alto (desactualizado)
F48,Global: run-rate de anuncios click-to-message,10.000,millones USD/año,"Meta, earnings call 4T 2022",https://s21.q4cdn.com/399680738/files/doc_financials/2022/q4/META-Q4-2022-Earnings-Call-Transcript.pdf,feb-2023,Global; WhatsApp + Messenger + IG Direct; no actualizado. URL armada con el patrón del sitio de inversores de Meta (verificar),alto
F49,Global: crecimiento ingresos CTWA,+60% interanual,%,"Meta, earnings call 3T 2025",https://s21.q4cdn.com/399680738/files/doc_financials/2025/q3/META-Q3-2025-Earnings-Call-Transcript.pdf,oct-2025,Global; sin desglose regional. URL armada con el patrón del sitio de inversores de Meta (verificar),alto
F50,Global: empresas que usan Meta Business Agents semanalmente,> 1,millones de empresas,"Meta, earnings call 2T 2026",https://s21.q4cdn.com/399680738/files/doc_financials/2026/q2/META-Q2-2026-Earnings-Call-Transcript.pdf,jul-2026,Global; Business AIs extendidas a pymes de LATAM en 1T 2026,alto
F51,WhatsApp API: tarifa por mensaje Argentina,"Marketing 0,0618; Utilidad/Autenticación/Servicio 0,026",USD por mensaje,"Meta, precios WhatsApp Business Platform",https://developers.facebook.com/docs/whatsapp/pricing,vigente desde 2026-10-01,Mercado Argentina,alto
F52,"WhatsApp API: tarifa por mensaje Rest of Latin America (UY, PY)","Marketing 0,074; Utilidad/Autenticación/Servicio 0,0113",USD por mensaje,"Meta, precios WhatsApp Business Platform",https://developers.facebook.com/docs/whatsapp/pricing,vigente desde 2026-10-01,UY (+598) y PY (+595) en Rest of LATAM; ventana gratuita 72 h al entrar por anuncio CTWA,alto
F53,AR: fee de gestión Meta Ads (sin pauta),120.000-350.000 ARS (~USD 78-227),ARS/mes,pointweb (guía de agencia),https://pointweb.com.ar/guias/cuanto-cobra-una-agencia-de-marketing-digital/,ago-2026,Estimación de mercado de una agencia,medio
F54,AR: fee de gestión Meta/Google Ads (sin pauta),150.000-400.000 ARS (~USD 97-260),ARS/mes,FINMI (blog),https://finmi.com.ar/blog/cuanto-cuesta-agencia-marketing-digital-argentina,2026-06-02 (mod. 2026-08-12),Estimación de mercado,medio
F55,AR: fee de gestión Meta Ads cotizado en USD,300-1.200,USD/mes,Mind Circus (blog),https://mindcircus.agency/blog/cuanto-cuesta-agencia-marketing-argentina,2026-08-21,"Por cuenta, sin pauta; segmento de cuentas más grandes",medio
F56,AR: lista de precios pública de agencia (CM),120k / 250k / 450k ARS (~USD 78 / 162 / 292),ARS/mes,DP Renders,https://www.dprenders.com/community-manager/,2026,Reporte mensual incluido en plan Inicial; Premium suma campañas pagas y reportes ejecutivos,alto
F57,AR: planes de agencia redes + Meta,Inicial 200-350k; PyME 350-450k; Empresa 450k-1M+ ARS,ARS/mes,"agenciadigital.com.ar, Tarifario 2026",https://agenciadigital.com.ar/tarifario-marketing-digital-argentina/,2026,Analítica y tableros incluidos sin precio aparte,medio
F58,AR: fee como % de la pauta,15-25% (20-30% si pauta <USD 5k; 10-15% si >USD 50k),% de inversión en medios,pointweb / FINMI / Mind Circus (10-20%),https://pointweb.com.ar/guias/cuanto-cobra-una-agencia-de-marketing-digital/,2026,Alternativa al fee fijo,medio
F59,AR: recargo por especialización Ads/Analytics,+40-60% sobre tarifa base,%,"Aprender21, Tarifario CM 2026",https://www.aprender21.com.ar/blog/tarifario-community-manager-argentina,mar-2026,Freelance AR,bajo-medio
F60,UY: lista de precios gestión Meta Ads,100 / 200 / 300 (sin IVA),USD por 30 días,IdeasWeb,https://www.ideasweb.uy/publicidad-facebook,sin fecha,1-2 anuncios; no queda claro si incluye pauta,medio-alto
F61,UY: campañas de marketing digital (agencia),pequeñas ~16.000 UYU (~USD 397); ambiciosas 32-64k UYU (~USD 794-1.588),UYU/mes,Relevant MKT,https://relevantmkt.com/marketing-digital-uruguay/,2026-07-27,Paquete con reporte mensual incluido,medio
F62,PY: lista de precios gestión de redes,880.000 / 1.250.000 / 2.500.000 PYG (~USD 150 / 213 / 426),PYG/mes,Setik,http://www.setik.com.py/web/social-media-management.php,sin fecha,"Solo publicaciones, sin pauta ni reportes",medio-alto
F63,PY: lista de precios redes,69 / 129 / 199 (A3 incluye Ads y reportes),USD/mes,DreamDare Studio PY,https://dreamdarestudio.com/py/marketing-publicidad-redes-sociales/,2025,Paquete cerrado,medio
F64,AR/UY/PY: precio separado por reporting en listas públicas,sin dato (siempre incluido en el paquete),—,"Revisión de F56, F57, F60-F63",—,2026,Ausencia de precio aparte en todas las listas revisadas,alto (como ausencia)
F65,Global: tiempo por reporte de cliente,46% <30 min; 73% <1 h,% de agencias,AgencyAnalytics Benchmarks 2026 (n=494),https://agencyanalytics.com/agency-benchmarks-2026,2026,Clientes de una herramienta de automatización: probablemente subestima,medio
F66,Global: frecuencia y formato de reporte,69% mensual; 27% de clientes prefiere dashboard en vivo; 97% dice que reportar bien retiene clientes,%,AgencyAnalytics Benchmarks 2026,https://agencyanalytics.com/agency-benchmarks-2026,2026,Global,medio
F67,Global: precio sugerido de reporting as a service,50-75 / 100-150 / 200+,USD/mes por cliente,DashboardFox (blog),https://dashboardfox.com/blog/agency-client-reporting-revenue/,2026-04-05,"Recomendación del proveedor, no precio observado",bajo-medio
F68,AR: pymes que pagan >=1 tecnología digital,"77,5% (e-commerce/marketing digital 28,6%)",% de empresas,"Encuesta nadIA (CEPE Di Tella + Fundar, FOP, BID)",https://nadia.ar/extras/nadia_encuesta_pymesARG2026.pdf,abr-2026 (campo nov-dic 2025),"n=402; solo manufactura y software, 10-249 ocupados",alto (para ese universo)
F69,AR: uso centralizado de CRM en pymes,15% (26% Excel y mail),% de empresas,"FDS Comunicación, Monitor CRM",https://www.fdscomunicacion.com/Monitor%20Septiembre%20uso%20de%20CRM%20en%20PYMEs%20Argentinas.pdf,ago-2025,"21 respuestas, sector construcción",bajo
F70,Kommo: precio de lista nuevos clientes,Básico 20 / Avanzado 30,USD por usuario/mes,"Kommo, blog oficial",https://www.kommo.com/es/blog/actualizacion-precios-kommo/,publ. 2026-07-30; vigente 2026-09-01,Global (difiere de la página de precios: ver competencia.csv),alto
F71,AR: pymes empleadoras,"549.100 (micro ~468k; pequeñas 67,7k; medianas 13,6k)",empresas,"Ministerio de Economía / SEPyME, Informe 2023",https://argentina.gob.ar/sites/default/files/informe_2023_nov_2024.pdf,"stock 2023, publ. nov-2024","Empresas con empleo registrado, <200 ocupados",alto
F72,UY: mipymes,"~213.800 (micro 186k; pequeñas 22,6k; medianas 5,2k)",empresas,INE Uruguay (vía La Mañana) / nota INE,https://www.gub.uy/instituto-nacional-estadistica/comunicacion/noticias/empresas-mpymes,datos 2023; publ. 2024,"Industria, comercio y servicios",medio-alto
F73,PY: mipymes en base MIC,"450.167 (micro 396k; pequeñas 43,2k; medianas 10,5k)",unidades,MIC / Viceministerio de Mipymes (vía ABC),https://www.abc.com.py/economia/2025/03/15/cuantas-mipymes-hay-en-paraguay-y-a-que-se-dedican-mic-actualizo-base-de-datos/,31-12-2023; publ. 2025-03-15,Unidades formalizadas en base del MIC,medio-alto
F74,Tipo de cambio ARS/USD (BNA venta),1.540 (MEP 1.550),ARS/USD,Ámbito,https://www.ambito.com/finanzas/dolar-hoy-cuanto-cerro-este-viernes-2-octubre-n6329530,2026-10-02,Usado para convertir fees 2026,alto
F75,Tipo de cambio UYU/USD (interbancario),"40,29",UYU/USD,Infobae (BEVSA),https://www.infobae.com/noticias/2026/10/01/dolar-hoy-en-uruguay-cotizacion-de-cierre-del-1-de-octubre/,2026-10-01,Usado para convertir fees UY,alto
F76,Tipo de cambio PYG/USD (referencial BCP),"5.873,69",PYG/USD,Banco Central del Paraguay,https://www.bcp.gov.py/webapps/web/cotizacion/monedas,2026-10-02,Usado para convertir fees PY,alto
